{"cameraMode":{"drawMode":0,"name":"Shaded","section":"Shading Mode"},"sceneLighting":true,"audioPlay":false,"sceneViewState":{"showFog":true,"showMaterialUpdate":false,"showSkybox":true,"showFlares":true,"showImageEffects":true,"showParticleSystems":true},"in2DMode":false,"pivot":{"x":138.5303497314453,"y":-41.66754150390625,"z":104.17828369140625},"rotation":{"x":0.06066971644759178,"y":-0.8404494524002075,"z":0.530200719833374,"w":0.09596524387598038},"size":67.32191467285156,"orthographic":false}