{"cameraMode":{"drawMode":0,"name":"Shaded","section":"Shading Mode"},"sceneLighting":true,"audioPlay":false,"sceneViewState":{"showFog":true,"showMaterialUpdate":false,"showSkybox":true,"showFlares":true,"showImageEffects":true,"showParticleSystems":true},"in2DMode":false,"pivot":{"x":143.2628936767578,"y":-12.763153076171875,"z":95.76158142089844},"rotation":{"x":-0.00012574958964250982,"y":-0.8017400503158569,"z":0.5979397296905518,"w":-0.00020159788255114108},"size":62.3507080078125,"orthographic":false}