{"cameraMode":{"drawMode":0,"name":"Shaded","section":"Shading Mode"},"sceneLighting":false,"audioPlay":false,"sceneViewState":{"showFog":true,"showMaterialUpdate":false,"showSkybox":false,"showFlares":true,"showImageEffects":true,"showParticleSystems":true},"in2DMode":false,"pivot":{"x":-2.910135507583618,"y":1.3398751020431519,"z":16.25383758544922},"rotation":{"x":0.04988546669483185,"y":-0.7210003733634949,"z":0.053092584013938907,"w":0.6893759369850159},"size":1.617264986038208,"orthographic":false}