{"cameraMode":{"drawMode":0,"name":"Shaded","section":"Shading Mode"},"sceneLighting":true,"audioPlay":false,"sceneViewState":{"showFog":true,"showMaterialUpdate":false,"showSkybox":true,"showFlares":true,"showImageEffects":true,"showParticleSystems":true},"in2DMode":false,"pivot":{"x":434.693359375,"y":360.5155029296875,"z":8.61322021484375},"rotation":{"x":-0.014693375676870346,"y":0.030963346362113954,"z":0.00017547211609780788,"w":0.9995927810668945},"size":443.2240905761719,"orthographic":false}