{"cameraMode":{"drawMode":0,"name":"Shaded","section":"Shading Mode"},"sceneLighting":true,"audioPlay":false,"sceneViewState":{"showFog":true,"showMaterialUpdate":false,"showSkybox":true,"showFlares":true,"showImageEffects":true,"showParticleSystems":true},"in2DMode":false,"pivot":{"x":15.218780517578125,"y":5.7644195556640629,"z":369.73046875},"rotation":{"x":0.24548004567623139,"y":0.6778382062911987,"z":-0.2589350938796997,"w":0.6429588198661804},"size":22.7316951751709,"orthographic":false}