{"cameraMode":{"drawMode":0,"name":"Shaded","section":"Shading Mode"},"sceneLighting":true,"audioPlay":false,"sceneViewState":{"showFog":true,"showMaterialUpdate":false,"showSkybox":true,"showFlares":true,"showImageEffects":true,"showParticleSystems":true},"in2DMode":false,"pivot":{"x":-1.0970638990402222,"y":7.154025554656982,"z":50.17075729370117},"rotation":{"x":-0.000058552923292154446,"y":-0.9974134564399719,"z":-0.07404809445142746,"w":-0.006579043809324503},"size":2.339587688446045,"orthographic":false}